,negfood_score,negservice_score,posfood_score,posservice_score,restaurant
0,0.039682539682539,0.063492063492063,0.539682539682539,0.35714285714285700,Mominette
1,0.079365079365079,0.07142857142857100,0.595238095238095,0.253968253968253,Peaches HotHouse
2,0.048780487804878,0.08130081300813000,0.504065040650406,0.365853658536585,Baron's
3,0.049586776859504,0.024793388429752,0.7107438016528920,0.21487603305785100,Lowerline
4,0.032520325203252,0.056910569105691000,0.47154471544715400,0.43902439024390200,Claw Daddy's
5,0.06299212598425100,0.09448818897637700,0.433070866141732,0.409448818897637,Father Knows Best
6,0.046511627906976,0.062015503875968000,0.682170542635658,0.20930232558139500,Red Hook Lobster Pound
7,0.055555555555555000,0.11904761904761900,0.5,0.325396825396825,Uglyduckling
8,0.024793388429752,0.0,0.776859504132231,0.198347107438016,Otis
9,0.0390625,0.0390625,0.4375,0.484375,Sweet Brooklyn Bar And Grill
10,0.024,0.048,0.792,0.136,5ive Spice
11,0.032520325203252,0.056910569105691000,0.6178861788617880,0.292682926829268,Juanchi's Burger
12,0.024390243902439,0.056910569105691000,0.707317073170731,0.21138211382113800,L'Antagoniste
13,0.024193548387096000,0.008064516129032000,0.733870967741935,0.23387096774193500,The Food Sermon Kitchen
14,0.04918032786885200,0.057377049180327,0.475409836065573,0.41803278688524500,Fancy Nancy
15,0.046511627906976,0.03875968992248,0.744186046511627,0.170542635658914,Hometown Bar-B-Que
16,0.024793388429752,0.008264462809917,0.5619834710743800,0.40495867768595,Laojie Hotpot
17,0.047244094488188000,0.141732283464566,0.44881889763779500,0.362204724409448,Milk & Honey Cafe
18,0.039215686274509000,0.10784313725490100,0.539215686274509,0.31372549019607800,Biyou
19,0.032258064516129000,0.08870967741935400,0.5564516129032250,0.32258064516129000,Sweet Chick
20,0.022900763358778,0.083969465648854,0.625954198473282,0.267175572519083,Bonafini
21,0.047619047619047000,0.063492063492063,0.603174603174603,0.28571428571428500,Mayfield
22,0.032258064516129000,0.040322580645161000,0.75,0.17741935483870900,Emily
23,0.07377049180327800,0.024590163934426000,0.7622950819672130,0.139344262295081,Nana Ramen
24,0.07258064516129000,0.024193548387096000,0.661290322580645,0.24193548387096700,Buttermilk Channel
25,0.073170731707317,0.065040650406504,0.674796747967479,0.186991869918699,Pies-n-Thighs
26,0.06153846153846100,0.007692307692307000,0.753846153846153,0.17692307692307600,Hunger Pang
27,0.025210084033613000,0.033613445378151,0.504201680672268,0.43697478991596600,Salem's Hour
28,0.06451612903225800,0.12096774193548300,0.540322580645161,0.27419354838709600,Hard Times Christmas Liquors at the Sunset bar
29,0.032258064516129000,0.053763440860215000,0.6344086021505370,0.27956989247311800,Golda
30,0.015037593984962000,0.06766917293233,0.42857142857142800,0.48872180451127800,Soco
31,0.015873015873015,0.055555555555555000,0.6666666666666660,0.26190476190476100,Sweet Chick 2
32,0.082644628099173,0.033057851239669,0.752066115702479,0.13223140495867700,Bunsmith
33,0.040322580645161000,0.07258064516129000,0.57258064516129,0.314516129032258,The Crabby Shack
34,0.033333333333333,0.058333333333333,0.7583333333333330,0.15,Win Son
35,0.032786885245901,0.024590163934426000,0.663934426229508,0.278688524590163,Juliana's Pizza
36,0.040650406504065000,0.040650406504065000,0.593495934959349,0.32520325203252000,Sunday in Brooklyn
37,0.038461538461538000,0.12307692307692300,0.5923076923076920,0.24615384615384600,Peaches
38,0.08870967741935400,0.05645161290322500,0.5,0.35483870967741900,Moloko
39,0.040983606557377000,0.032786885245901,0.60655737704918,0.319672131147541,Silver Factory
40,0.069767441860465,0.10077519379844900,0.682170542635658,0.147286821705426,Taci's Beyti
41,0.1328125,0.0625,0.6484375,0.15625,El Jeffe
42,0.08064516129032200,0.024193548387096000,0.7741935483870960,0.12096774193548300,Salt + Charcoal
43,0.07563025210084000,0.058823529411764000,0.5714285714285710,0.29411764705882300,Habana Outpost
44,0.0625,0.0625,0.4765625,0.3984375,MangoSeed Restaurant
45,0.08064516129032200,0.048387096774193000,0.693548387096774,0.17741935483870900,Olea
46,0.025210084033613000,0.10924369747899100,0.647058823529411,0.21848739495798300,Calaca
47,0.016,0.096,0.68,0.20800000000000000,Catfish
48,0.040322580645161000,0.040322580645161000,0.596774193548387,0.32258064516129000,Sea Wolf
49,0.047244094488188000,0.06299212598425100,0.6929133858267710,0.19685039370078700,Black Nile
50,0.033057851239669,0.024793388429752,0.7438016528925620,0.198347107438016,Mariella
51,0.038095238095238,0.09523809523809500,0.37142857142857100,0.49523809523809500,LunÀtico
52,0.031578947368421000,0.073684210526315,0.6631578947368420,0.23157894736842100,Bed Stuy Provisions
53,0.047619047619047000,0.063492063492063,0.634920634920634,0.253968253968253,Bogota Latin Bistro
54,0.016666666666666,0.108333333333333,0.525,0.35000000000000000,Cheryl's Global Soul
55,0.072727272727272,0.009090909090909,0.7090909090909090,0.20909090909090900,Lillo Cucina Italiana
56,0.016129032258064000,0.07258064516129000,0.6774193548387090,0.23387096774193500,Miss Ada
57,0.058333333333333,0.075,0.708333333333333,0.15833333333333300,The Brooklyn Tree
58,0.16,0.04,0.656,0.14400000000000000,Little Mo
59,0.07377049180327800,0.024590163934426000,0.663934426229508,0.237704918032786,Mable's Smokehouse & Banquet Hall
60,0.040650406504065000,0.048780487804878,0.764227642276422,0.146341463414634,Peter Luger
61,0.074380165289256,0.074380165289256,0.43801652892561900,0.41322314049586700,The Farm On Adderley
62,0.070866141732283,0.078740157480314,0.629921259842519,0.22047244094488100,Glady's
63,0.0625,0.0625,0.5859375,0.2890625,The Islands
64,0.057377049180327,0.09016393442622900,0.524590163934426,0.32786885245901600,Eugene & Co
65,0.024590163934426000,0.114754098360655,0.40983606557377000,0.45081967213114700,Bijan's
66,0.031746031746031,0.063492063492063,0.555555555555555,0.349206349206349,Cafe Rue Dix
67,0.016949152542372,0.016949152542372,0.7288135593220330,0.23728813559322,Chavela's
68,0.032520325203252,0.008130081300813,0.6829268292682920,0.276422764227642,191 Knickerbocker
69,0.134920634920634,0.103174603174603,0.6666666666666660,0.09523809523809500,Yaso Tangbao
70,0.016129032258064000,0.048387096774193000,0.7177419354838710,0.21774193548387000,Cafe Mogador
71,0.031496062992125000,0.031496062992125000,0.653543307086614,0.283464566929133,Chela Modern Mexican
72,0.107692307692307,0.053846153846153,0.761538461538461,0.07692307692307600,Chuko
73,0.066176470588235,0.227941176470588,0.28676470588235200,0.41911764705882300,Suede
74,0.082644628099173,0.041322314049586,0.6859504132231400,0.190082644628099,Camillo
75,0.040983606557377000,0.114754098360655,0.639344262295082,0.20491803278688500,Peaches Shrimp and Crab
76,0.040322580645161000,0.040322580645161000,0.701612903225806,0.21774193548387000,Puerto Viejo
77,0.025,0.033333333333333,0.7333333333333330,0.208333333333333,Taste of Heaven
78,0.023622047244094000,0.023622047244094000,0.58267716535433,0.37007874015748000,Scottadito Osteria Toscana
79,0.038167938931297,0.015267175572519000,0.755725190839694,0.190839694656488,DeStefano's Steakhouse
80,0.09166666666666600,0.033333333333333,0.775,0.1,Taqueria Milear
81,0.033057851239669,0.049586776859504,0.462809917355371,0.45454545454545400,Greedi Vegan
82,0.097560975609756,0.10569105691056900,0.49593495934959300,0.30081300813008100,Lincoln Station
83,0.016393442622950000,0.016393442622950000,0.770491803278688,0.19672131147540900,Nicandra's
84,0.042372881355932,0.042372881355932,0.703389830508474,0.211864406779661,Okonomi
85,0.081481481481481,0.096296296296296,0.518518518518518,0.30370370370370300,Miriam
86,0.063636363636363,0.027272727272727,0.663636363636363,0.245454545454545,Dar 525
87,0.022727272727272000,0.030303030303030000,0.8106060606060600,0.13636363636363600,El Mate
88,0.032520325203252,0.0,0.918699186991869,0.048780487804878,Baba's Pierogies
89,0.04918032786885200,0.032786885245901,0.6803278688524590,0.237704918032786,Colina Cuervo
90,0.024590163934426000,0.040983606557377000,0.745901639344262,0.18852459016393400,Olmsted
91,0.031496062992125000,0.023622047244094000,0.677165354330708,0.26771653543307,Modern Love Brooklyn
92,0.024,0.088,0.47200000000000000,0.41600000000000000,Clover Club
93,0.024590163934426000,0.032786885245901,0.598360655737704,0.34426229508196700,Pig Beach
94,0.016393442622950000,0.057377049180327,0.5,0.426229508196721,Salud Bar & Grill
95,0.078125,0.0546875,0.6171875,0.25,Barboncino Pizza & Bar
96,0.008,0.112,0.608,0.272,983-Bushwick's Living Room
97,0.048780487804878,0.040650406504065000,0.7560975609756090,0.15447154471544700,Amaranto Mexican Restaurant
98,0.128,0.032,0.68,0.16,Suzy's Roti Parlour
99,0.031746031746031,0.063492063492063,0.6746031746031740,0.23015873015873,Surfish Bistro
100,0.08943089430894300,0.08130081300813000,0.593495934959349,0.23577235772357700,The Market
101,0.048387096774193000,0.07258064516129000,0.7177419354838710,0.16129032258064500,Samurai Papa
102,0.131147540983606,0.09016393442622900,0.5409836065573770,0.237704918032786,Samurai Papa BS
103,0.025,0.05,0.708333333333333,0.216666666666666,Evelina
104,0.079365079365079,0.047619047619047000,0.785714285714285,0.087301587301587,Peri Peri Grill House
105,0.070866141732283,0.023622047244094000,0.7401574803149600,0.165354330708661,Thai Holic
106,0.040983606557377000,0.07377049180327800,0.6475409836065570,0.237704918032786,Seed
107,0.027777777777777000,0.009259259259259,0.74074074074074,0.22222222222222200,Forma Pasta Factory
108,0.039682539682539,0.21428571428571400,0.42063492063492000,0.325396825396825,Shaking Crab- Brooklyn
109,0.07142857142857100,0.079365079365079,0.698412698412698,0.15079365079365,Klom Klorm
110,0.07377049180327800,0.057377049180327,0.704918032786885,0.16393442622950800,Cafe Tibet
111,0.048387096774193000,0.032258064516129000,0.637096774193548,0.282258064516129,Dekalb Market Hall
112,0.040650406504065000,0.10569105691056900,0.536585365853658,0.31707317073170700,Tom's
113,0.048,0.088,0.488,0.376,Mekelburg's
114,0.08064516129032200,0.06451612903225800,0.6209677419354830,0.23387096774193500,Izzy's Brooklyn Smokehouse
115,0.10743801652892500,0.0,0.776859504132231,0.11570247933884200,Buntopia
116,0.033333333333333,0.075,0.5666666666666660,0.325,Rabbithole Restaurant
117,0.08130081300813000,0.048780487804878,0.747967479674796,0.12195121951219500,Suzume
118,0.0390625,0.109375,0.5625,0.2890625,Sunshine
119,0.048387096774193000,0.13709677419354800,0.508064516129032,0.30645161290322500,Saraghina
120,0.102564102564102,0.188034188034188,0.35897435897435900,0.35042735042735,Sunrise/Sunset
121,0.057851239669421000,0.10743801652892500,0.5537190082644620,0.28099173553719000,Pilar Cuban Eatery
122,0.072727272727272,0.027272727272727,0.69090909090909,0.20909090909090900,Kafe Louverture
123,0.047244094488188000,0.05511811023622000,0.5748031496062990,0.32283464566929100,Beco
124,0.11450381679389300,0.206106870229007,0.419847328244274,0.259541984732824,Di Fara Pizza
125,0.032520325203252,0.073170731707317,0.5284552845528450,0.365853658536585,Grandchamps Kitchen & Market
126,0.088,0.07200000000000000,0.664,0.176,Dinosaur Bar-B-Que
127,0.021739130434782,0.021739130434782,0.58695652173913,0.36956521739130400,Tambour
128,0.008403361344537000,0.033613445378151,0.41176470588235200,0.546218487394957,Bunna Cafe
129,0.09016393442622900,0.04918032786885200,0.745901639344262,0.114754098360655,French Louie
130,0.035714285714285000,0.026785714285714000,0.6339285714285710,0.30357142857142800,Yia Yia's Taverna
131,0.08080808080808000,0.010101010101010000,0.7474747474747470,0.16161616161616100,High Lúa Vietnamese Kitchen
132,0.015625,0.03125,0.6875,0.265625,Traif
133,0.10483870967741900,0.07258064516129000,0.701612903225806,0.12096774193548300,Purbird
134,0.040322580645161000,0.12096774193548300,0.5,0.33870967741935400,Aita
135,0.041666666666666000,0.016666666666666,0.675,0.266666666666666,Yemen Cafe & Restaurant
136,0.024590163934426000,0.024590163934426000,0.696721311475409,0.25409836065573700,My Cuban Spot
137,0.04,0.07,0.65,0.24,Nostrand Cafe
138,0.023809523809523000,0.11111111111111100,0.658730158730158,0.206349206349206,Sofreh
139,0.0,0.09677419354838700,0.32258064516129000,0.5806451612903220,Maison Premiere
140,0.082644628099173,0.049586776859504,0.661157024793388,0.20661157024793300,Defontes
141,0.033333333333333,0.055555555555555000,0.677777777777777,0.23333333333333300,Haenyeo
142,0.047244094488188000,0.08661417322834600,0.708661417322834,0.157480314960629,Roll-N-Roaster
143,0.041322314049586,0.008264462809917,0.603305785123966,0.34710743801652800,Tabaré
144,0.13709677419354800,0.08870967741935400,0.604838709677419,0.16935483870967700,Bunker
145,0.041322314049586,0.11570247933884200,0.49586776859504100,0.34710743801652800,Atrium Dumbo
146,0.05511811023622000,0.05511811023622000,0.795275590551181,0.09448818897637700,David's Brisket House and Deli
147,0.036363636363636,0.09090909090909000,0.563636363636363,0.309090909090909,750 Myrtle Diner
148,0.041666666666666000,0.075,0.36666666666666600,0.516666666666666,Rustik Tavern
149,0.056910569105691000,0.073170731707317,0.6341463414634140,0.23577235772357700,Ugly Baby
150,0.096,0.07200000000000000,0.5680000000000000,0.264,The Gumbo Bros
151,0.043859649122807,0.13157894736842100,0.307017543859649,0.5175438596491220,Tree House
152,0.032786885245901,0.139344262295081,0.385245901639344,0.442622950819672,Risbo
153,0.049586776859504,0.09090909090909000,0.7107438016528920,0.148760330578512,Birds of a Feather
154,0.016260162601626,0.08130081300813000,0.593495934959349,0.30894308943089400,Two 8 Two Bar & Burger
155,0.034883720930232,0.0,0.744186046511627,0.220930232558139,Lagman House
156,0.024193548387096000,0.016129032258064000,0.5483870967741930,0.411290322580645,Blueprint
157,0.08661417322834600,0.05511811023622000,0.677165354330708,0.181102362204724,East Wind Snack Shop
158,0.08196721311475400,0.024590163934426000,0.778688524590163,0.114754098360655,Ramen Danbo
159,0.09090909090909000,0.049586776859504,0.7355371900826440,0.12396694214876000,Bedouin Tent
160,0.08130081300813000,0.073170731707317,0.48780487804878000,0.35772357723577200,De Hot Pot
161,0.082644628099173,0.10743801652892500,0.5702479338842970,0.239669421487603,The Good Fork
162,0.032,0.128,0.392,0.448,Sip Unwine
163,0.07563025210084000,0.050420168067226000,0.5882352941176470,0.28571428571428500,Pollo D' Oro
164,0.033333333333333,0.08333333333333300,0.6000000000000000,0.28333333333333300,Cheeseboat
165,0.024193548387096000,0.06451612903225800,0.48387096774193500,0.427419354838709,Lucali
166,0.058823529411764000,0.033613445378151,0.6974789915966380,0.21008403361344500,Chuan Tian Xia 川天下
167,0.20161290322580600,0.08064516129032200,0.491935483870967,0.22580645161290300,Peppa's Jerk Chicken Restaurant
168,0.024390243902439,0.040650406504065000,0.6829268292682920,0.252032520325203,Saigon Grill & Bar
169,0.05645161290322500,0.024193548387096000,0.669354838709677,0.25,Brooklyn Blend
170,0.057851239669421000,0.14049586776859500,0.231404958677685,0.5702479338842970,FREEHOLD
171,0.082644628099173,0.057851239669421000,0.5454545454545450,0.314049586776859,Aita Trattoria
172,0.032,0.08,0.47200000000000000,0.41600000000000000,Manchego Koko
173,0.076335877862595,0.038167938931297,0.694656488549618,0.190839694656488,L & B Spumoni Gardens
174,0.040322580645161000,0.10483870967741900,0.5483870967741930,0.30645161290322500,Atlas Steakhouse
175,0.024793388429752,0.074380165289256,0.5289256198347100,0.37190082644628100,Brooklyn Ice House
176,0.032786885245901,0.008196721311475000,0.6475409836065570,0.31147540983606500,Esme
177,0.016806722689075,0.025210084033613000,0.80672268907563,0.15126050420168000,L'industrie Pizzeria
178,0.022900763358778,0.06870229007633500,0.633587786259541,0.274809160305343,Parkside
179,0.010526315789473,0.105263157894736,0.47368421052631500,0.410526315789473,Honey Badger
180,0.08,0.048,0.776,0.096,The Wei
181,0.06451612903225800,0.024193548387096000,0.733870967741935,0.17741935483870900,Korzo
182,0.008130081300813,0.08130081300813000,0.414634146341463,0.49593495934959300,The River Café
183,0.057851239669421000,0.033057851239669,0.619834710743801,0.28925619834710700,Roberta's
184,0.10569105691056900,0.024390243902439,0.73170731707317,0.138211382113821,Liu's Shanghai
185,0.048,0.016,0.808,0.128,Brooklyn Beet Company
186,0.099173553719008,0.074380165289256,0.619834710743801,0.20661157024793300,Luke's Lobster Brooklyn Bridge Park
187,0.11458333333333300,0.0625,0.583333333333333,0.239583333333333,Zatar
188,0.09166666666666600,0.116666666666666,0.5083333333333330,0.28333333333333300,SSAM
189,0.056910569105691000,0.073170731707317,0.552845528455284,0.31707317073170700,Ix Restaurant
190,0.0,0.031007751937984000,0.620155038759689,0.34883720930232500,ZuriLee Restaurant
191,0.046511627906976,0.077519379844961,0.40310077519379800,0.472868217054263,The Douglass Public House
192,0.10569105691056900,0.11382113821138200,0.593495934959349,0.186991869918699,Brennan & Carr
193,0.016129032258064000,0.05645161290322500,0.6451612903225800,0.282258064516129,Le Barricou
194,0.016260162601626,0.040650406504065000,0.6504065040650400,0.292682926829268,Fob Brooklyn
195,0.033057851239669,0.0,0.760330578512396,0.20661157024793300,Karczma
196,0.049586776859504,0.074380165289256,0.586776859504132,0.28925619834710700,Tchoup Shop
197,0.056910569105691000,0.073170731707317,0.609756097560975,0.260162601626016,Cent'Anni
198,0.12096774193548300,0.07258064516129000,0.6129032258064510,0.19354838709677400,Purple Yam
199,0.09230769230769200,0.13076923076923,0.47692307692307600,0.30000000000000000,Toad Style
200,0.024193548387096000,0.06451612903225800,0.6532258064516120,0.25806451612903200,Pates Et Traditions
201,0.040983606557377000,0.10655737704918,0.27049180327868800,0.5819672131147540,Berg'n
202,0.024,0.07200000000000000,0.456,0.448,Verde On Smith
203,0.097560975609756,0.11382113821138200,0.6504065040650400,0.138211382113821,Gueros
204,0.07258064516129000,0.07258064516129000,0.693548387096774,0.16129032258064500,The Meatball Shop
205,0.073170731707317,0.073170731707317,0.552845528455284,0.30081300813008100,Selamat Pagi
206,0.07377049180327800,0.10655737704918,0.5819672131147540,0.237704918032786,Colonia Verde
207,0.023076923076923000,0.069230769230769,0.538461538461538,0.36923076923076900,Miti Miti
208,0.032258064516129000,0.06451612903225800,0.532258064516129,0.37096774193548300,Chez Oskar
209,0.017391304347826,0.060869565217391,0.6347826086956520,0.28695652173913,Newyorktitlan
210,0.032,0.064,0.632,0.272,Walter's
211,0.049586776859504,0.09090909090909000,0.611570247933884,0.24793388429752000,ICHIRAN - Brooklyn
212,0.126050420168067,0.100840336134453,0.647058823529411,0.126050420168067,Mimi's Hummus
213,0.048780487804878,0.048780487804878,0.7398373983739830,0.16260162601626000,Silver Rice
214,0.033333333333333,0.022222222222222,0.711111111111111,0.23333333333333300,Fat Doughnut
215,0.058823529411764000,0.025210084033613000,0.7310924369747890,0.18487394957983100,Don Chingon
216,0.022900763358778,0.038167938931297,0.633587786259541,0.305343511450381,Champs Diner
217,0.024193548387096000,0.024193548387096000,0.6854838709677410,0.266129032258064,Naked Dog
218,0.056,0.112,0.5760000000000000,0.256,Dar 525
219,0.15384615384615300,0.059829059829059000,0.752136752136752,0.034188034188034000,Xifu Food
220,0.065217391304347,0.05434782608695600,0.6847826086956520,0.19565217391304300,Tamra Teahouse
221,0.07692307692307600,0.046153846153846000,0.6692307692307690,0.207692307692307,Bricolage
222,0.087301587301587,0.087301587301587,0.69047619047619,0.134920634920634,Fette Sau
223,0.057377049180327,0.032786885245901,0.631147540983606,0.278688524590163,Maite
224,0.057851239669421000,0.157024793388429,0.41322314049586700,0.37190082644628100,Brooklyn Crab
225,0.04918032786885200,0.07377049180327800,0.48360655737704900,0.39344262295081900,Industry 1332
226,0.032,0.024,0.8160000000000000,0.128,Misi
227,0.047244094488188000,0.047244094488188000,0.5748031496062990,0.330708661417322,Pearl's
228,0.016528925619834,0.066115702479338,0.42148760330578500,0.49586776859504100,June
229,0.040983606557377000,0.04918032786885200,0.6557377049180320,0.25409836065573700,Parlay
230,0.055555555555555000,0.09523809523809500,0.5317460317460310,0.317460317460317,Jack the Horse Tavern
231,0.09701492537313400,0.037313432835820000,0.53731343283582,0.32835820895522300,East Harbor Seafood Palace
232,0.103174603174603,0.063492063492063,0.69047619047619,0.14285714285714200,Kimchi Grill
233,0.023255813953488,0.069767441860465,0.6976744186046510,0.20930232558139500,Werkstatt
234,0.033057851239669,0.033057851239669,0.42975206611570200,0.504132231404958,TØRST
235,0.07377049180327800,0.032786885245901,0.573770491803278,0.319672131147541,Cafe Argentino
236,0.07079646017699100,0.07079646017699100,0.654867256637168,0.203539823008849,MISC
237,0.033057851239669,0.016528925619834,0.611570247933884,0.33884297520661100,Thai Farm Kitchen
238,0.09375000000000000,0.0625,0.7109375,0.1328125,Yun Nan Flavor Garden
239,0.058333333333333,0.108333333333333,0.433333333333333,0.4,PLG Coffee House and Tavern
240,0.008,0.064,0.648,0.28,Cafe Luluc
241,0.031496062992125000,0.06299212598425100,0.637795275590551,0.26771653543307,Tanoreen
242,0.041322314049586,0.041322314049586,0.7024793388429750,0.21487603305785100,The Saint Austere
243,0.020833333333333000,0.052083333333333,0.5,0.42708333333333300,King Of The Sea
244,0.040404040404040000,0.15151515151515100,0.5454545454545450,0.26262626262626200,Brown Butter
245,0.049586776859504,0.10743801652892500,0.512396694214876,0.330578512396694,The Hive
246,0.041666666666666000,0.09166666666666600,0.55,0.31666666666666600,Celestine
247,0.08943089430894300,0.056910569105691000,0.764227642276422,0.08943089430894300,Bozu
248,0.075,0.05,0.525,0.35000000000000000,Le Garage
249,0.130081300813008,0.040650406504065000,0.6829268292682920,0.146341463414634,Island Express
250,0.057851239669421000,0.11570247933884200,0.595041322314049,0.231404958677685,Speedy Romeo
251,0.065040650406504,0.08130081300813000,0.6504065040650400,0.203252032520325,El Almacen
252,0.10569105691056900,0.024390243902439,0.796747967479674,0.073170731707317,Nacho Macho Taco
253,0.102362204724409,0.11023622047244000,0.629921259842519,0.157480314960629,Han Dynasty
254,0.015873015873015,0.039682539682539,0.484126984126984,0.46031746031746,Negril BK
255,0.05645161290322500,0.0,0.846774193548387,0.09677419354838700,Ba Xuyen
256,0.016,0.04,0.504,0.44,Palo Santo
257,0.023809523809523000,0.031746031746031,0.611111111111111,0.33333333333333300,Colonie
258,0.016393442622950000,0.16393442622950800,0.319672131147541,0.5,The Rookery
259,0.023622047244094000,0.070866141732283,0.629921259842519,0.27559055118110200,Llama Inn
260,0.016129032258064000,0.11290322580645100,0.532258064516129,0.33870967741935400,Gnarly Eats
261,0.033333333333333,0.09166666666666600,0.45833333333333300,0.416666666666666,Glasserie
262,0.05645161290322500,0.024193548387096000,0.6209677419354830,0.298387096774193,Locanda Vini e Olii
263,0.048780487804878,0.048780487804878,0.6341463414634140,0.268292682926829,Arepera Guacuco Bushwick
264,0.033057851239669,0.074380165289256,0.611570247933884,0.28099173553719000,Stone Park Cafe
265,0.09230769230769200,0.07692307692307600,0.53076923076923,0.30000000000000000,Am Thai Bistro
266,0.09836065573770400,0.065573770491803,0.631147540983606,0.20491803278688500,Taheni Mediterranean Grill
267,0.024590163934426000,0.065573770491803,0.48360655737704900,0.426229508196721,Ital Kitchen
268,0.10924369747899100,0.042016806722689,0.638655462184873,0.21008403361344500,Look By Plant Love House
269,0.0,0.040983606557377000,0.7213114754098360,0.237704918032786,Oxomoco
270,0.09523809523809500,0.023809523809523000,0.6269841269841270,0.253968253968253,White Maize
271,0.10606060606060600,0.045454545454545000,0.712121212121212,0.13636363636363600,Pho 60
272,0.05426356589147200,0.062015503875968000,0.511627906976744,0.372093023255813,Cafe Madeline
273,0.060344827586206000,0.094827586206896,0.612068965517241,0.23275862068965500,Mother's Seafood & More
274,0.056,0.14400000000000000,0.48,0.32,Five Leaves
275,0.015748031496062,0.05511811023622000,0.40157480314960600,0.5275590551181100,99 Favor Taste
276,0.093023255813953,0.093023255813953,0.51937984496124,0.294573643410852,The OX Tavern
277,0.032786885245901,0.07377049180327800,0.442622950819672,0.45081967213114700,St. Mazie
278,0.065573770491803,0.08196721311475400,0.5,0.352459016393442,Fort Defiance
279,0.041322314049586,0.033057851239669,0.652892561983471,0.27272727272727200,Wafa's
280,0.039682539682539,0.087301587301587,0.5317460317460310,0.341269841269841,Athena Mediterranean Cuisine
281,0.040816326530612000,0.010204081632653000,0.612244897959183,0.336734693877551,Dock Asian Eatery
282,0.08064516129032200,0.06451612903225800,0.5483870967741930,0.30645161290322500,White Tiger
283,0.022900763358778,0.076335877862595,0.610687022900763,0.290076335877862,Brooklyn Burgers & Beer
284,0.10743801652892500,0.057851239669421000,0.7272727272727270,0.10743801652892500,Banh Mi Place
285,0.008130081300813,0.032520325203252,0.658536585365853,0.30081300813008100,Tava Turkish Mediterranean
286,0.13709677419354800,0.09677419354838700,0.6129032258064510,0.15322580645161200,Junior's Restaurant
287,0.055555555555555000,0.16666666666666600,0.44444444444444400,0.33333333333333300,The Commodore
288,0.1,0.075,0.5666666666666660,0.258333333333333,Skovorodka
289,0.032520325203252,0.073170731707317,0.674796747967479,0.21951219512195100,La Vara
290,0.058333333333333,0.033333333333333,0.5666666666666660,0.341666666666666,Reunion
291,0.032520325203252,0.097560975609756,0.536585365853658,0.33333333333333300,Cecconi's Dumbo
292,0.0859375,0.1953125,0.3671875,0.3515625,Footprints Cafe
293,0.064,0.056,0.504,0.376,The Osprey
294,0.065040650406504,0.08943089430894300,0.45528455284552800,0.390243902439024,Forrest Point
295,0.024390243902439,0.056910569105691000,0.7235772357723570,0.195121951219512,Avlee Greek Kitchen
296,0.04,0.04,0.48,0.44,Bacchus Bistro & Wine Bar
297,0.05645161290322500,0.23387096774193500,0.37096774193548300,0.33870967741935400,Black Swan
298,0.057851239669421000,0.099173553719008,0.5785123966942140,0.26446280991735500,Claro
299,0.064,0.136,0.528,0.272,Buffalo's Famous
300,0.05645161290322500,0.13709677419354800,0.427419354838709,0.379032258064516,Grimaldi's Pizzeria
301,0.103174603174603,0.079365079365079,0.5714285714285710,0.24603174603174600,Dannee
302,0.12396694214876000,0.074380165289256,0.5619834710743800,0.239669421487603,Black Iris
303,0.09836065573770400,0.07377049180327800,0.7295081967213110,0.09836065573770400,Wasan Brooklyn
304,0.137931034482758,0.022988505747126000,0.7471264367816090,0.09195402298850500,Golden Rich
305,0.048387096774193000,0.048387096774193000,0.6774193548387090,0.22580645161290300,Caracas Arepa Bar
306,0.04,0.056,0.6000000000000000,0.304,Anella
307,0.05426356589147200,0.015503875968992000,0.6356589147286820,0.294573643410852,Michael's of Brooklyn
308,0.074380165289256,0.11570247933884200,0.5619834710743800,0.24793388429752000,Samurai Mama
309,0.075,0.066666666666666,0.616666666666666,0.24166666666666600,Java Indonesian Restaurant
310,0.03875968992248,0.05426356589147200,0.5736434108527130,0.33333333333333300,South Brooklyn Foundry
311,0.031746031746031,0.087301587301587,0.515873015873015,0.365079365079365,Belarussian Xata
312,0.032258064516129000,0.05645161290322500,0.5806451612903220,0.330645161290322,Rose Water
313,0.033057851239669,0.12396694214876000,0.388429752066115,0.45454545454545400,Skytown
314,0.064,0.088,0.6000000000000000,0.248,Colombia In Park Slope
315,0.09016393442622900,0.15573770491803200,0.5163934426229500,0.237704918032786,Zaytoons
316,0.048,0.032,0.536,0.384,Aurora
317,0.075,0.058333333333333,0.625,0.24166666666666600,Meadowsweet
318,0.05494505494505400,0.05494505494505400,0.703296703296703,0.186813186813186,212 Burgers
319,0.057851239669421000,0.057851239669421000,0.5371900826446280,0.34710743801652800,Williamsburg Smorgasburg - Saturday
320,0.021052631578947,0.031578947368421000,0.557894736842105,0.389473684210526,Aska
321,0.057851239669421000,0.041322314049586,0.586776859504132,0.314049586776859,The Four Horsemen
322,0.139344262295081,0.057377049180327,0.745901639344262,0.057377049180327,Momo Ramen
323,0.016393442622950000,0.057377049180327,0.34426229508196700,0.5819672131147540,Brooklyn Cider House
324,0.040650406504065000,0.073170731707317,0.7235772357723570,0.16260162601626000,Chilo's
325,0.084745762711864,0.042372881355932,0.6949152542372880,0.177966101694915,Trinidad Golden Place Restaurant
326,0.10483870967741900,0.10483870967741900,0.45161290322580600,0.33870967741935400,Sally Roots
327,0.016528925619834,0.13223140495867700,0.5454545454545450,0.305785123966942,Kevin's
328,0.038461538461538000,0.115384615384615,0.34615384615384600,0.5,The Topaz
329,0.057377049180327,0.057377049180327,0.491803278688524,0.39344262295081900,The Quarter Brooklyn
330,0.056910569105691000,0.032520325203252,0.626016260162601,0.284552845528455,Rucola
331,0.032,0.12,0.4,0.448,Sea
332,0.016129032258064000,0.08064516129032200,0.491935483870967,0.411290322580645,Leyenda
333,0.025,0.016666666666666,0.708333333333333,0.25,El Born
334,0.073170731707317,0.008130081300813,0.7723577235772350,0.146341463414634,Nam Nam
335,0.074380165289256,0.099173553719008,0.5702479338842970,0.256198347107438,The Wheelhouse
336,0.040650406504065000,0.08943089430894300,0.6178861788617880,0.252032520325203,Ali's Trinidad Roti Shop
337,0.032258064516129000,0.040322580645161000,0.637096774193548,0.29032258064516100,Ammazzacaffè
338,0.008196721311475000,0.008196721311475000,0.5163934426229500,0.46721311475409800,Brookvin
339,0.016666666666666,0.08333333333333300,0.6000000000000000,0.30000000000000000,The Finch
340,0.07377049180327800,0.04918032786885200,0.631147540983606,0.245901639344262,Gentleman Farmer - Fort Greene
341,0.043010752688172000,0.10752688172043000,0.6236559139784940,0.22580645161290300,MeMe's Diner
342,0.041666666666666000,0.025,0.7333333333333330,0.2,Sushi Lin
343,0.065040650406504,0.040650406504065000,0.6991869918699180,0.195121951219512,La Goulette
344,0.023076923076923000,0.046153846153846000,0.6615384615384610,0.269230769230769,Blue Ribbon Brasserie - Brooklyn
345,0.07258064516129000,0.07258064516129000,0.5241935483870960,0.330645161290322,Sugarburg
346,0.07377049180327800,0.04918032786885200,0.573770491803278,0.30327868852459,Faro
347,0.046511627906976,0.015503875968992000,0.7751937984496120,0.162790697674418,Lilia
348,0.131147540983606,0.024590163934426000,0.745901639344262,0.09836065573770400,Koko Ramen
349,0.029197080291970000,0.014598540145985000,0.686131386861313,0.27007299270072900,Krupa Grocery
350,0.09016393442622900,0.09016393442622900,0.598360655737704,0.221311475409836,Lobster Joint
351,0.12307692307692300,0.18461538461538400,0.515384615384615,0.17692307692307600,Tepache
352,0.18103448275862000,0.103448275862068,0.5172413793103440,0.19827586206896500,Exquisite Delight
353,0.07258064516129000,0.06451612903225800,0.661290322580645,0.20161290322580600,Alta Calidad
354,0.024193548387096000,0.08064516129032200,0.629032258064516,0.266129032258064,Westville Dumbo
355,0.05645161290322500,0.040322580645161000,0.6774193548387090,0.22580645161290300,Fausto
356,0.056,0.16,0.4,0.384,Diner
357,0.0625,0.0859375,0.640625,0.2109375,Chez Ma Tante
358,0.14516129032258000,0.12096774193548300,0.6209677419354830,0.11290322580645100,Bushwick Taco Company
359,0.016393442622950000,0.08196721311475400,0.60655737704918,0.295081967213114,Faros Restaurant
360,0.031746031746031,0.087301587301587,0.595238095238095,0.28571428571428500,Northern Bell
361,0.047244094488188000,0.157480314960629,0.34645669291338500,0.44881889763779500,Bluebird
362,0.032520325203252,0.048780487804878,0.6991869918699180,0.21951219512195100,Piccoli Trattoria
363,0.041666666666666000,0.058333333333333,0.7000000000000000,0.2,Emmy Squared - Brooklyn
364,0.06315789473684200,0.021052631578947,0.684210526315789,0.23157894736842100,HANKI Everyday Korean
365,0.048,0.048,0.664,0.24,BK JANI
366,0.116666666666666,0.075,0.6083333333333330,0.2,Tortilleria Mexicana Los Hermanos
367,0.066115702479338,0.057851239669421000,0.49586776859504100,0.380165289256198,Stonefruit Espresso + Kitchen
368,0.112,0.08,0.5760000000000000,0.232,El Gran Castillo De Jagua
369,0.041322314049586,0.057851239669421000,0.6776859504132230,0.22314049586776800,Falansai
370,0.020202020202020000,0.14141414141414100,0.696969696969697,0.14141414141414100,Lula Bird
371,0.008,0.128,0.544,0.32,Ghenet Brooklyn
372,0.047244094488188000,0.102362204724409,0.480314960629921,0.37007874015748000,Imani Caribbean Kitchen & Bar
373,0.073170731707317,0.056910569105691000,0.593495934959349,0.276422764227642,Nourish
374,0.114754098360655,0.08196721311475400,0.6475409836065570,0.15573770491803200,Luke's Lobster Park Slope
375,0.057851239669421000,0.13223140495867700,0.231404958677685,0.5785123966942140,Syndicated Bar Theater Kitchen
376,0.10743801652892500,0.082644628099173,0.504132231404958,0.305785123966942,Taco Dumbo
377,0.0546875,0.0859375,0.6875,0.171875,Kings Co Imperial
378,0.07692307692307600,0.038461538461538000,0.644230769230769,0.24038461538461500,Cuts & Slices
379,0.14049586776859500,0.099173553719008,0.49586776859504100,0.26446280991735500,Momo Sushi Shack
380,0.10483870967741900,0.08870967741935400,0.30645161290322500,0.5,Shake Shack
381,0.016666666666666,0.075,0.47500000000000000,0.433333333333333,Hollow Nickel
382,0.075,0.075,0.6000000000000000,0.25,Paloma's
383,0.05645161290322500,0.09677419354838700,0.379032258064516,0.46774193548387000,Outpost Café
384,0.064,0.04,0.8240000000000000,0.07200000000000000,Kogane Ramen
385,0.008130081300813,0.073170731707317,0.504065040650406,0.414634146341463,Hill Cafe
386,0.136,0.096,0.536,0.232,Gandhi Fine Indian Cuisine
387,0.10655737704918,0.07377049180327800,0.48360655737704900,0.336065573770491,A Gusto Thai Bistro
388,0.065040650406504,0.073170731707317,0.504065040650406,0.35772357723577200,MOMO Hibachi Steak House & Bar
389,0.10655737704918,0.04918032786885200,0.737704918032786,0.10655737704918,Ozi Dumplings
390,0.034482758620689,0.034482758620689,0.612068965517241,0.318965517241379,Hot Space
391,0.11570247933884200,0.074380165289256,0.6776859504132230,0.13223140495867700,Xi'an Famous Foods
392,0.06299212598425100,0.070866141732283,0.559055118110236,0.307086614173228,Lima Mill Basin
393,0.064,0.12,0.52,0.296,Opera Cafe & Lounge
394,0.074380165289256,0.066115702479338,0.586776859504132,0.27272727272727200,Meze
395,0.048,0.07200000000000000,0.656,0.224,Cherry Point
396,0.016806722689075,0.042016806722689,0.7058823529411760,0.23529411764705800,Mesa Coyoacan
397,0.063492063492063,0.11111111111111100,0.46825396825396800,0.35714285714285700,Rocco's Tacos & Tequila Bar
398,0.027027027027027,0.054054054054054,0.7027027027027020,0.216216216216216,Camperdown Elm
399,0.025641025641025000,0.145299145299145,0.247863247863247,0.581196581196581,The Brooklyn Barge
400,0.040322580645161000,0.048387096774193000,0.629032258064516,0.282258064516129,Brooklyn Kolache
401,0.016129032258064000,0.040322580645161000,0.5806451612903220,0.362903225806451,Le Fond
402,0.047244094488188000,0.039370078740157,0.637795275590551,0.27559055118110200,Mondayoff by Plant Love House
403,0.072916666666666,0.09375000000000000,0.5416666666666660,0.291666666666666,Seamore's
404,0.073170731707317,0.073170731707317,0.6341463414634140,0.21951219512195100,Dotory
405,0.025,0.075,0.558333333333333,0.341666666666666,House of Small Wonder
406,0.048,0.07200000000000000,0.648,0.232,Pels Pie Co.
407,0.032520325203252,0.048780487804878,0.642276422764227,0.276422764227642,Mazzat
408,0.128,0.064,0.656,0.152,Taqueria Tepango
409,0.032,0.168,0.512,0.28800000000000000,Daddy Greens
410,0.033613445378151,0.100840336134453,0.554621848739495,0.310924369747899,Fonda Park Slope
411,0.102803738317757,0.12149532710280300,0.588785046728971,0.186915887850467,Bake & Things
412,0.06741573033707800,0.101123595505617,0.5393258426966290,0.29213483146067400,Lucky House Kitchen
413,0.065040650406504,0.065040650406504,0.6829268292682920,0.186991869918699,Testo
414,0.08870967741935400,0.12903225806451600,0.35483870967741900,0.427419354838709,Sweet Science
415,0.040983606557377000,0.21311475409836,0.5409836065573770,0.20491803278688500,Kulushkat
416,0.10655737704918,0.032786885245901,0.704918032786885,0.15573770491803200,Dim Sum Bar
417,0.07258064516129000,0.07258064516129000,0.564516129032258,0.29032258064516100,Ogliastro
418,0.040983606557377000,0.040983606557377000,0.286885245901639,0.631147540983606,Time Out Market New York
419,0.032786885245901,0.122950819672131,0.37704918032786800,0.46721311475409800,Milk And Roses
420,0.046511627906976,0.05426356589147200,0.5426356589147280,0.356589147286821,George's
421,0.0625,0.0390625,0.453125,0.4453125,Lan Ting Hotpot
422,0.064,0.152,0.28800000000000000,0.496,Sea Witch
423,0.033613445378151,0.10924369747899100,0.521008403361344,0.336134453781512,Ela Taverna
424,0.10077519379844900,0.085271317829457,0.550387596899224,0.263565891472868,Bonnie's Grill
425,0.064,0.10400000000000000,0.544,0.28800000000000000,Libertador Steakhouse - Brooklyn
426,0.073170731707317,0.032520325203252,0.6178861788617880,0.276422764227642,Di An Di
427,0.06870229007633500,0.175572519083969,0.572519083969465,0.183206106870229,Taqueria El Patron Mexican Grill
428,0.04918032786885200,0.016393442622950000,0.7213114754098360,0.21311475409836,Amber Steak House
429,0.08064516129032200,0.11290322580645100,0.330645161290322,0.475806451612903,BK9
430,0.024590163934426000,0.032786885245901,0.6229508196721310,0.319672131147541,Prospect Bar & Grill
431,0.016129032258064000,0.048387096774193000,0.6774193548387090,0.25806451612903200,Panino Rustico
432,0.075,0.15,0.383333333333333,0.39166666666666600,Heavy Woods
433,0.08333333333333300,0.08333333333333300,0.55,0.28333333333333300,Bombay Grill
434,0.043859649122807,0.035087719298245,0.5964912280701750,0.32456140350877100,Macdonough Café
435,0.07377049180327800,0.10655737704918,0.5491803278688520,0.27049180327868800,A&A Bake and Double and Roti Shop
436,0.047619047619047000,0.063492063492063,0.6746031746031740,0.21428571428571400,Batata
437,0.047619047619047000,0.079365079365079,0.595238095238095,0.277777777777777,Chez Moi
438,0.130081300813008,0.097560975609756,0.42276422764227600,0.34959349593495900,Japan Village
439,0.032520325203252,0.016260162601626,0.7560975609756090,0.195121951219512,Gersi
440,0.06299212598425100,0.11023622047244000,0.519685039370078,0.307086614173228,Chez Alex
441,0.024590163934426000,0.040983606557377000,0.631147540983606,0.30327868852459,Guadalupe Inn
442,0.05645161290322500,0.07258064516129000,0.637096774193548,0.23387096774193500,Faun
443,0.025210084033613000,0.07563025210084000,0.41176470588235200,0.48739495798319300,SAMUI
444,0.022471910112359000,0.05617977528089800,0.44943820224719100,0.47191011235955000,Clara's
445,0.055555555555555000,0.158730158730158,0.49206349206349200,0.293650793650793,Shake Shack
446,0.008264462809917,0.033057851239669,0.636363636363636,0.322314049586776,Sweetwater Restaurant
447,0.066115702479338,0.09090909090909000,0.45454545454545400,0.388429752066115,Shake Shack
448,0.09166666666666600,0.041666666666666000,0.741666666666666,0.125,Inca Chicken
449,0.040650406504065000,0.138211382113821,0.398373983739837,0.42276422764227600,Sugarcane Raw Bar Grill
450,0.131782945736434,0.062015503875968000,0.589147286821705,0.21705426356589100,Taro Sushi
451,0.066115702479338,0.082644628099173,0.636363636363636,0.21487603305785100,Frankies 457 Spuntino
452,0.112,0.04,0.632,0.216,Wangs
453,0.008264462809917,0.157024793388429,0.28925619834710700,0.5454545454545450,Westlight
454,0.084033613445378,0.10924369747899100,0.621848739495798,0.18487394957983100,Hunan Delight
455,0.024193548387096000,0.048387096774193000,0.733870967741935,0.19354838709677400,St. Anselm
456,0.039682539682539,0.0,0.7222222222222220,0.23809523809523800,Runner & Stone
457,0.10655737704918,0.09836065573770400,0.565573770491803,0.229508196721311,Istanbul Park
458,0.07142857142857100,0.116071428571428,0.36607142857142800,0.446428571428571,99 Rogers
459,0.06451612903225800,0.040322580645161000,0.75,0.14516129032258000,Doner Kebab NYC
460,0.032520325203252,0.056910569105691000,0.5284552845528450,0.382113821138211,Positano Restaurant
461,0.024,0.088,0.624,0.264,LaRina Pastificio & Vino
462,0.016393442622950000,0.10655737704918,0.6557377049180320,0.221311475409836,Bahia Restaurant
463,0.040983606557377000,0.07377049180327800,0.5819672131147540,0.30327868852459,Santa Panza
464,0.10852713178294500,0.062015503875968000,0.651162790697674,0.17829457364341,Greenpoint Fish & Lobster
465,0.033613445378151,0.11764705882352900,0.42016806722689000,0.42857142857142800,Juliette
466,0.057377049180327,0.016393442622950000,0.704918032786885,0.221311475409836,U-gu
467,0.046511627906976,0.062015503875968000,0.627906976744186,0.263565891472868,Chimu Bistro
468,0.040983606557377000,0.057377049180327,0.631147540983606,0.27049180327868800,Patsy's Pizzeria
469,0.016,0.08,0.432,0.47200000000000000,Zenkichi New York
470,0.10569105691056900,0.065040650406504,0.707317073170731,0.12195121951219500,Fatty Daddy Taco
471,0.082644628099173,0.14049586776859500,0.5537190082644620,0.22314049586776800,Kor Tor Mor
472,0.036697247706422,0.110091743119266,0.65137614678899,0.20183486238532100,Joe & Sal's Pizza
473,0.07377049180327800,0.065573770491803,0.7950819672131140,0.065573770491803,Nacho Macho Taco
474,0.08571428571428500,0.10476190476190400,0.5047619047619040,0.304761904761904,Flaming Grill & Modern Buffet
475,0.07692307692307600,0.131868131868131,0.648351648351648,0.14285714285714200,Bonchon - Willoughby
476,0.065573770491803,0.09836065573770400,0.590163934426229,0.245901639344262,Liman Restaurant
477,0.042372881355932,0.016949152542372,0.43220338983050800,0.5084745762711860,Humboldt and Jackson
478,0.06451612903225800,0.20161290322580600,0.24193548387096700,0.491935483870967,Shokunin BBQ
479,0.0625,0.078125,0.515625,0.34375000000000000,Nick's Lobster House
480,0.033057851239669,0.09090909090909000,0.44628099173553700,0.42975206611570200,Radegast Hall and Biergarten
481,0.041322314049586,0.11570247933884200,0.49586776859504100,0.34710743801652800,The Castello Plan
482,0.041322314049586,0.388429752066115,0.256198347107438,0.314049586776859,Red Lobster
483,0.10483870967741900,0.07258064516129000,0.46774193548387000,0.35483870967741900,Kitchen Grill Indian Restaurant
484,0.0234375,0.0234375,0.765625,0.1875,Xixa
485,0.049586776859504,0.041322314049586,0.5371900826446280,0.37190082644628100,Paulie Gee's
486,0.035714285714285000,0.08928571428571400,0.625,0.25,Boutros
487,0.07258064516129000,0.09677419354838700,0.5887096774193540,0.24193548387096700,Archie's Bar & Pizza
488,0.077519379844961,0.10077519379844900,0.5348837209302320,0.28682170542635600,Le P'tit Paris Bistro
489,0.040650406504065000,0.08943089430894300,0.585365853658536,0.284552845528455,Holy Crab Boiling
490,0.06837606837606800,0.085470085470085,0.5213675213675210,0.324786324786324,Sol Sips
491,0.048,0.336,0.232,0.384,Outback Steakhouse
492,0.037878787878787000,0.08333333333333300,0.621212121212121,0.257575757575757,Wheated
493,0.07608695652173900,0.07608695652173900,0.6630434782608690,0.18478260869565200,La Isla
494,0.039682539682539,0.103174603174603,0.5238095238095230,0.33333333333333300,AlMar
495,0.074380165289256,0.297520661157024,0.36363636363636300,0.26446280991735500,Seabreeze Food
496,0.031496062992125000,0.078740157480314,0.637795275590551,0.25196850393700700,Der Pioneer
497,0.0,0.044642857142857000,0.6339285714285710,0.321428571428571,Oceanview Cafe
498,0.06837606837606800,0.21367521367521300,0.28205128205128200,0.435897435897435,Kimoto Rooftop
499,0.06930693069306900,0.17821782178217800,0.425742574257425,0.326732673267326,Boeuf & Bun
500,0.11382113821138200,0.08130081300813000,0.642276422764227,0.16260162601626000,Tacos El Bronco
501,0.016260162601626,0.065040650406504,0.585365853658536,0.33333333333333300,Riverdel
502,0.058333333333333,0.058333333333333,0.5,0.383333333333333,Sweatshop
503,0.07258064516129000,0.06451612903225800,0.5887096774193540,0.27419354838709600,Giovanni's Brooklyn Eats
504,0.024390243902439,0.024390243902439,0.642276422764227,0.30894308943089400,Forno Rosso
505,0.058823529411764000,0.09243697478991500,0.6050420168067220,0.24369747899159600,Ops
506,0.122950819672131,0.057377049180327,0.745901639344262,0.07377049180327800,Ramen Setagaya
507,0.08333333333333300,0.14166666666666600,0.383333333333333,0.39166666666666600,Bati
508,0.056910569105691000,0.056910569105691000,0.674796747967479,0.21138211382113800,Sushi Yashin
509,0.08661417322834600,0.08661417322834600,0.629921259842519,0.19685039370078700,Spice & Grill : The Indian Kitchen
510,0.11382113821138200,0.252032520325203,0.43902439024390200,0.195121951219512,Island Burger
511,0.067226890756302,0.050420168067226000,0.663865546218487,0.21848739495798300,Brooklyn Ball Factory
512,0.07258064516129000,0.024193548387096000,0.82258064516129,0.08064516129032200,Za-Ya Ramen
513,0.065217391304347,0.07608695652173900,0.652173913043478,0.206521739130434,Home Frite
514,0.15,0.08333333333333300,0.6083333333333330,0.15833333333333300,Like Cafe
515,0.04918032786885200,0.032786885245901,0.737704918032786,0.18032786885245900,Nostro Ristorante
516,0.03125,0.1015625,0.65625,0.2109375,Il Porto Ristorante
517,0.04918032786885200,0.08196721311475400,0.565573770491803,0.30327868852459,Stocked
518,0.066666666666666,0.033333333333333,0.716666666666666,0.18333333333333300,Pita Palace
519,0.040983606557377000,0.10655737704918,0.5081967213114750,0.34426229508196700,il Fornetto
520,0.0,0.097560975609756,0.47154471544715400,0.43089430894308900,99 Favor Taste
521,0.12389380530973400,0.017699115044247,0.743362831858407,0.11504424778761000,Menya Jiro- Brooklyn
522,0.11111111111111100,0.015873015873015,0.825396825396825,0.047619047619047000,Hand Pull Noodle and Dumpling House
523,0.099173553719008,0.074380165289256,0.619834710743801,0.20661157024793300,Farmer In the Deli
524,0.096,0.048,0.64,0.216,Al Di La Trattoria
525,0.0546875,0.234375,0.15625,0.5546875,Franklin Park
526,0.027027027027027,0.036036036036036,0.693693693693693,0.243243243243243,Lombardo's of Bay Ridge
527,0.07575757575757500,0.09848484848484800,0.5,0.325757575757575,Cafe Steinhof
528,0.040650406504065000,0.073170731707317,0.6178861788617880,0.268292682926829,The Bedford
529,0.08130081300813000,0.186991869918699,0.35772357723577200,0.373983739837398,Smashburger
530,0.078125,0.1640625,0.40625000000000000,0.3515625,Sonora
531,0.031007751937984000,0.069767441860465,0.550387596899224,0.34883720930232500,Ringolevio
532,0.07200000000000000,0.10400000000000000,0.544,0.28,honeygrow
533,0.082644628099173,0.057851239669421000,0.628099173553719,0.231404958677685,Pizza Moto
534,0.06779661016949100,0.076271186440677,0.559322033898305,0.296610169491525,Little Dokebi
535,0.031496062992125000,0.031496062992125000,0.724409448818897,0.21259842519685000,Lot 2
536,0.065040650406504,0.056910569105691000,0.7398373983739830,0.138211382113821,Hanco's
537,0.031496062992125000,0.078740157480314,0.433070866141732,0.456692913385826,Blanca
538,0.055555555555555000,0.16666666666666600,0.28571428571428500,0.49206349206349200,AMARACHI
539,0.032786885245901,0.18032786885245900,0.5491803278688520,0.237704918032786,Noodle Pudding
540,0.0,0.0625,0.7109375,0.2265625,Piccante
541,0.11627906976744100,0.10852713178294500,0.5426356589147280,0.23255813953488300,Morgan's Barbecue
542,0.09375000000000000,0.0625,0.65625,0.1875,Fedoroff's Roast Pork
543,0.066115702479338,0.041322314049586,0.5371900826446280,0.35537190082644600,Joloff Restaurant
544,0.019230769230769000,0.009615384615384,0.6538461538461530,0.317307692307692,Panzerotti Bites
545,0.07526881720430100,0.13978494623655900,0.41935483870967700,0.36559139784946200,Cocoa Grinder
546,0.04918032786885200,0.08196721311475400,0.672131147540983,0.19672131147540900,Belli Osteria
547,0.066115702479338,0.041322314049586,0.669421487603305,0.22314049586776800,Le Paris Dakar
548,0.040650406504065000,0.146341463414634,0.5284552845528450,0.284552845528455,Next Level Burger
549,0.024,0.056,0.664,0.256,Cataldo's Restaurant
550,0.10743801652892500,0.082644628099173,0.48760330578512300,0.322314049586776,Mokbar Brooklyn
551,0.040983606557377000,0.057377049180327,0.5163934426229500,0.385245901639344,Midnights
552,0.07079646017699100,0.044247787610619000,0.63716814159292,0.24778761061946900,Fazio's
553,0.08,0.2,0.47200000000000000,0.248,Smashburger
554,0.019607843137254000,0.058823529411764000,0.6666666666666660,0.25490196078431300,Grindhaus
555,0.108333333333333,0.133333333333333,0.516666666666666,0.24166666666666600,King of Tandoor
556,0.064,0.064,0.728,0.14400000000000000,Queen of Falafel
557,0.039370078740157,0.047244094488188000,0.629921259842519,0.283464566929133,Petite Crevette
558,0.025641025641025000,0.06837606837606800,0.581196581196581,0.324786324786324,Della
559,0.032967032967032,0.05494505494505400,0.582417582417582,0.329670329670329,Karasu
560,0.031496062992125000,0.031496062992125000,0.6929133858267710,0.24409448818897600,Sottocasa Pizzeria
561,0.015873015873015,0.182539682539682,0.563492063492063,0.23809523809523800,Nargis Cafe
562,0.13223140495867700,0.13223140495867700,0.611570247933884,0.12396694214876000,Vanessa's Dumpling House
563,0.016129032258064000,0.12903225806451600,0.17741935483870900,0.6774193548387090,Brooklyn Bowl
564,0.040650406504065000,0.08130081300813000,0.6178861788617880,0.260162601626016,Bar Bolinas
565,0.032520325203252,0.032520325203252,0.6504065040650400,0.284552845528455,Henry's End
566,0.056,0.256,0.48,0.20800000000000000,Island Burger
567,0.031746031746031,0.15079365079365,0.365079365079365,0.45238095238095200,Dram Shop
568,0.099173553719008,0.099173553719008,0.6942148760330570,0.10743801652892500,Pho Vietnam
569,0.064,0.136,0.44,0.36,Superfine
570,0.066115702479338,0.12396694214876000,0.48760330578512300,0.322314049586776,Totonno's
571,0.09090909090909000,0.066115702479338,0.603305785123966,0.239669421487603,El Kucho Mexican Restaurant
572,0.074380165289256,0.066115702479338,0.48760330578512300,0.37190082644628100,Marlow & Sons
573,0.09090909090909000,0.17355371900826400,0.471074380165289,0.26446280991735500,Vinegar Hill House
574,0.141732283464566,0.047244094488188000,0.732283464566929,0.078740157480314,Kai Feng Fu 開封府鍋貼
575,0.039370078740157,0.09448818897637700,0.5748031496062990,0.291338582677165,Da Nonna Rosa
576,0.07377049180327800,0.245901639344262,0.27049180327868800,0.40983606557377000,Butch & Coco Cafe
577,0.049586776859504,0.099173553719008,0.586776859504132,0.26446280991735500,James
578,0.09448818897637700,0.05511811023622000,0.7165354330708660,0.133858267716535,Zen Vegetarian House
579,0.032786885245901,0.16393442622950800,0.5081967213114750,0.295081967213114,Lighthouse
580,0.048780487804878,0.11382113821138200,0.382113821138211,0.45528455284552800,jeatjet?
581,0.079365079365079,0.15079365079365,0.563492063492063,0.206349206349206,Randazzo's Clam Bar
582,0.007751937984496000,0.077519379844961,0.55813953488372,0.356589147286821,Le Paddock
583,0.040322580645161000,0.13709677419354800,0.564516129032258,0.25806451612903200,Joya
584,0.016393442622950000,0.09016393442622900,0.6229508196721310,0.27049180327868800,Gourmet Kitchen
585,0.041666666666666000,0.075,0.6000000000000000,0.28333333333333300,Desnuda
586,0.049586776859504,0.033057851239669,0.7107438016528920,0.20661157024793300,Newtown
587,0.103174603174603,0.11111111111111100,0.45238095238095200,0.33333333333333300,Arrogant Swine
588,0.08196721311475400,0.057377049180327,0.663934426229508,0.19672131147540900,Bread & Spread
589,0.09166666666666600,0.066666666666666,0.6666666666666660,0.17500000000000000,RYUJIN
590,0.084033613445378,0.084033613445378,0.638655462184873,0.193277310924369,Oasis
591,0.08130081300813000,0.016260162601626,0.8373983739837390,0.065040650406504,Duck Wong
592,0.011627906976744,0.093023255813953,0.569767441860465,0.325581395348837,Village Cafe
593,0.186991869918699,0.08130081300813000,0.6666666666666660,0.065040650406504,Mr Bun
594,0.025210084033613000,0.09243697478991500,0.43697478991596600,0.445378151260504,Ume Williamsburg
595,0.074380165289256,0.22314049586776800,0.314049586776859,0.388429752066115,Bison & Bourbon
596,0.056,0.112,0.648,0.184,Baoburg
597,0.096,0.232,0.4,0.272,Taste Korea 232
598,0.032520325203252,0.056910569105691000,0.504065040650406,0.40650406504065,Awash Brooklyn
599,0.032520325203252,0.008130081300813,0.585365853658536,0.373983739837398,Lella Alimentari
600,0.032258064516129000,0.043010752688172000,0.7849462365591390,0.13978494623655900,Mexico Diner
601,0.040650406504065000,0.10569105691056900,0.5609756097560970,0.292682926829268,B.GOOD
602,0.056,0.024,0.8,0.12,Together
603,0.08943089430894300,0.16260162601626000,0.42276422764227600,0.32520325203252000,Bareburger
604,0.1,0.041666666666666000,0.7333333333333330,0.125,YUJI Ramen
605,0.031746031746031,0.079365079365079,0.611111111111111,0.277777777777777,Convivium Osteria
606,0.07377049180327800,0.032786885245901,0.6557377049180320,0.237704918032786,Il Passatore
607,0.047619047619047000,0.055555555555555000,0.46031746031746,0.436507936507936,Circa Brewing
608,0.08,0.328,0.264,0.328,Olive Garden Italian Restaurant
609,0.019801980198019,0.019801980198019,0.6138613861386130,0.346534653465346,Bushwick Grind
610,0.024390243902439,0.08943089430894300,0.34959349593495900,0.536585365853658,Spritzenhaus 33
611,0.058333333333333,0.066666666666666,0.591666666666666,0.28333333333333300,Fiore
612,0.048387096774193000,0.048387096774193000,0.596774193548387,0.30645161290322500,Chick P
613,0.08064516129032200,0.08870967741935400,0.5161290322580640,0.314516129032258,Vinny's of Carroll Gardens
614,0.046153846153846000,0.09230769230769200,0.515384615384615,0.34615384615384600,Lindenwood Diner & Restaurant
615,0.056,0.128,0.4,0.41600000000000000,Dromedary Urban Tiki Bar
616,0.073170731707317,0.17886178861788600,0.34959349593495900,0.398373983739837,Sisters
617,0.061946902654867000,0.14159292035398200,0.407079646017699,0.38938053097345100,Loosie's Kitchen & Cafe
618,0.11627906976744100,0.13953488372093,0.527131782945736,0.21705426356589100,Mac Shack
619,0.032520325203252,0.024390243902439,0.6829268292682920,0.260162601626016,Ki Sushi
620,0.056910569105691000,0.016260162601626,0.5609756097560970,0.365853658536585,Adelina's
621,0.12096774193548300,0.10483870967741900,0.5483870967741930,0.22580645161290300,Pinto Restaurant
622,0.13223140495867700,0.057851239669421000,0.520661157024793,0.28925619834710700,Boat Haus
623,0.07142857142857100,0.079365079365079,0.563492063492063,0.28571428571428500,Graziella's
624,0.056910569105691000,0.048780487804878,0.6666666666666660,0.22764227642276400,Gen
625,0.08130081300813000,0.073170731707317,0.6341463414634140,0.21138211382113800,Luigi's Pizzeria
626,0.09448818897637700,0.007874015748031,0.68503937007874,0.21259842519685000,L'imprimerie
627,0.106194690265486,0.061946902654867000,0.530973451327433,0.300884955752212,Brooklyn's Homeslice Pizzeria
628,0.025423728813559,0.101694915254237,0.677966101694915,0.194915254237288,First Oasis
629,0.018348623853211,0.110091743119266,0.5688073394495410,0.302752293577981,La Loba Cantina
630,0.064,0.136,0.544,0.256,Meme's Healthy Nibbles
631,0.08196721311475400,0.040983606557377000,0.598360655737704,0.278688524590163,Red Hook Food Vendors
632,0.165289256198347,0.13223140495867700,0.5454545454545450,0.157024793388429,Banhmigos
633,0.007751937984496000,0.170542635658914,0.24031007751937900,0.581395348837209,Woodland
634,0.033613445378151,0.016806722689075,0.781512605042016,0.168067226890756,Jajaja
635,0.032258064516129000,0.05645161290322500,0.6532258064516120,0.25806451612903200,Bella Gioia
636,0.05,0.2,0.5750000000000000,0.17500000000000000,Tandoori Masala
637,0.024793388429752,0.016528925619834,0.644628099173553,0.314049586776859,Mama Rao Cucina Italiana
638,0.073170731707317,0.11382113821138200,0.6016260162601620,0.21138211382113800,Caffe Buon Gusto
639,0.10743801652892500,0.10743801652892500,0.5454545454545450,0.239669421487603,Bamonte's
640,0.030612244897959000,0.183673469387755,0.346938775510204,0.438775510204081,Sip N Chat Cocktail Lounge
641,0.0703125,0.0625,0.6953125,0.171875,Mister Hotpot
642,0.048780487804878,0.040650406504065000,0.31707317073170700,0.593495934959349,Randolph Beer
643,0.050847457627118,0.084745762711864,0.5762711864406780,0.28813559322033900,Boran
644,0.08955223880597,0.134328358208955,0.44776119402985000,0.32835820895522300,Clemente's Maryland Crabhouse
645,0.024,0.04,0.64,0.296,La Slowteria
646,0.0859375,0.0234375,0.8828125,0.0078125,Ten-Ichi Ramen
647,0.141732283464566,0.09448818897637700,0.6220472440944880,0.141732283464566,Los Tacos-Mcondo
648,0.01,0.02,0.79,0.18,Baciccia Pizza e Cucina
649,0.10569105691056900,0.15447154471544700,0.35772357723577200,0.382113821138211,Nathan's Famous
650,0.032520325203252,0.024390243902439,0.48780487804878000,0.45528455284552800,Roots Cafe
651,0.14159292035398200,0.12389380530973400,0.522123893805309,0.212389380530973,Bake and Things
652,0.032520325203252,0.040650406504065000,0.6504065040650400,0.276422764227642,The Family Store
653,0.069230769230769,0.06153846153846100,0.5,0.36923076923076900,La Nonna Ristorante & Bar
654,0.130081300813008,0.056910569105691000,0.577235772357723,0.23577235772357700,Akaru Sushi
655,0.042016806722689,0.11764705882352900,0.36974789915966300,0.47058823529411700,Patrizia's Of Sheepshead Bay
656,0.09375000000000000,0.0703125,0.734375,0.1015625,Bulbap Grill
657,0.007751937984496000,0.170542635658914,0.28682170542635600,0.5348837209302320,Caribbean Social
658,0.12903225806451600,0.032258064516129000,0.7177419354838710,0.12096774193548300,Ha Noi Vietnamese Kitchen
659,0.06837606837606800,0.102564102564102,0.5213675213675210,0.30769230769230700,Mama Maria's Restaurant
660,0.07258064516129000,0.16129032258064500,0.379032258064516,0.38709677419354800,Rocca Cafe Lounge
661,0.040983606557377000,0.114754098360655,0.459016393442622,0.385245901639344,Fornino
662,0.11627906976744100,0.11627906976744100,0.5658914728682170,0.20155038759689900,Hanco's
663,0.066666666666666,0.116666666666666,0.425,0.39166666666666600,Alameda
664,0.08130081300813000,0.10569105691056900,0.6341463414634140,0.17886178861788600,Mesa Azteca
665,0.058333333333333,0.108333333333333,0.6000000000000000,0.23333333333333300,Anthony & Son Panini Shoppe
666,0.055555555555555000,0.182539682539682,0.349206349206349,0.412698412698412,Lavender Lake
667,0.015625,0.0234375,0.578125,0.3828125,The Alcove
668,0.079545454545454,0.102272727272727,0.6818181818181810,0.13636363636363600,Taqueria Santa Fe
669,0.08943089430894300,0.186991869918699,0.5447154471544710,0.17886178861788600,Memo Shish Kebab
670,0.016393442622950000,0.09836065573770400,0.278688524590163,0.60655737704918,The Richardson
671,0.128,0.152,0.328,0.392,Dutch Boy Burger
672,0.024590163934426000,0.139344262295081,0.5163934426229500,0.319672131147541,Olivier Bistro
673,0.14423076923076900,0.057692307692307,0.7019230769230760,0.096153846153846,Greek Xpress
674,0.036036036036036,0.036036036036036,0.612612612612612,0.31531531531531500,Sweetspot Cafe
675,0.009523809523809,0.019047619047619,0.7619047619047610,0.20952380952380900,Little Forno
676,0.055555555555555000,0.022222222222222,0.8111111111111110,0.11111111111111100,Mallenche Mexican Grill
677,0.19354838709677400,0.16129032258064500,0.443548387096774,0.20161290322580600,Ali's Original Roti Shop
678,0.05645161290322500,0.06451612903225800,0.596774193548387,0.282258064516129,Leuca
679,0.09090909090909000,0.066115702479338,0.7024793388429750,0.14049586776859500,Banhmigos
680,0.088888888888888,0.077777777777777,0.555555555555555,0.277777777777777,Foster Sundry
681,0.04918032786885200,0.065573770491803,0.6147540983606550,0.27049180327868800,Hot Potato House
682,0.064,0.04,0.56,0.336,Indian Spice
683,0.008849557522123,0.017699115044247,0.5575221238938050,0.41592920353982300,The Factory Bar & Restaurant
684,0.032258064516129000,0.05645161290322500,0.604838709677419,0.30645161290322500,Le Fanfare
685,0.021978021978021,0.05494505494505400,0.626373626373626,0.29670329670329600,The Common
686,0.032258064516129000,0.09677419354838700,0.427419354838709,0.443548387096774,Black Horse Pub
687,0.040650406504065000,0.097560975609756,0.6666666666666660,0.195121951219512,Cafe At Your Mother-in-Law
688,0.016528925619834,0.057851239669421000,0.504132231404958,0.42148760330578500,OTB
689,0.042105263157894,0.052631578947368,0.568421052631578,0.336842105263157,Battista Ristorante
690,0.048780487804878,0.138211382113821,0.43089430894308900,0.382113821138211,Insa
691,0.016129032258064000,0.048387096774193000,0.661290322580645,0.27419354838709600,Beets and Carrots
692,0.066666666666666,0.15833333333333300,0.433333333333333,0.341666666666666,Brooklyn Public House
693,0.025210084033613000,0.09243697478991500,0.680672268907563,0.201680672268907,Yemen Cafe & Restaurant
694,0.024793388429752,0.033057851239669,0.520661157024793,0.42148760330578500,Govinda's Vegetarian
695,0.12307692307692300,0.09230769230769200,0.49230769230769200,0.29230769230769200,Corthaiyou
696,0.12195121951219500,0.138211382113821,0.5447154471544710,0.195121951219512,Gino's Trattoria
697,0.05426356589147200,0.069767441860465,0.6744186046511620,0.20155038759689900,Tony's Pizzeria & Restaurant
698,0.016129032258064000,0.06451612903225800,0.35483870967741900,0.564516129032258,61 Local
699,0.1484375,0.0546875,0.6171875,0.1796875,Napoleon's Southern Cuisine & Bakery
700,0.08130081300813000,0.08943089430894300,0.7154471544715440,0.11382113821138200,Kabob Shack
701,0.055555555555555000,0.079365079365079,0.634920634920634,0.23015873015873,Zona Sur Bar Bistro
702,0.11382113821138200,0.065040650406504,0.6178861788617880,0.203252032520325,Lula Bagel
703,0.047244094488188000,0.12598425196850300,0.385826771653543,0.44094488188976300,Vivid Caribbean American Bistro
704,0.159663865546218,0.07563025210084000,0.647058823529411,0.11764705882352900,Domo Taco
705,0.045454545454545000,0.11818181818181800,0.554545454545454,0.281818181818181,Bay Market Kitchen
706,0.09448818897637700,0.12598425196850300,0.606299212598425,0.17322834645669200,La Chacra
707,0.048387096774193000,0.024193548387096000,0.758064516129032,0.16935483870967700,SkyIce Sweet & Savory
708,0.05645161290322500,0.08870967741935400,0.508064516129032,0.346774193548387,Sit & Wonder
709,0.030534351145038000,0.022900763358778,0.809160305343511,0.137404580152671,Barano
710,0.07142857142857100,0.055555555555555000,0.634920634920634,0.23809523809523800,C.Lo Cafe
711,0.016,0.24,0.176,0.5680000000000000,Brooklyn Tap House